ID,CAS,Name,logDow,logKlip/w-neutral,logKlip/w-ionic,logDlip/w-(pH 7.40),SMILES,MolWt,HeavyAtomCount,RotatableBondCount,HBD,HBA,RingCount,Molecule_Index_in_SDF,IsValid,J
1,000110-54-3,n-hexane,3.9,3.91,0,3.91,CCCCCC,86.178,6,3,0,0,0,1,True,
2,000142-82-5,n-heptane,4.66,4.55,0,4.55,CCCCCCC,100.205,7,4,0,0,0,2,True,
3,000111-65-9,n-octane,5.18,4.67,0,4.67,CCCCCCCC,114.232,8,5,0,0,0,3,True,
4,000540-84-1,"2,2,4-trimethylpentane",4.09,4.61,0,4.61,CC(C)CC(C)(C)C,114.232,8,1,0,0,0,4,True,
5,000110-82-7,cyclohexane,3.44,3.27,0,3.27,C1CCCCC1,84.162,6,0,0,0,1,5,True,
6,000056-23-5,tetrachloromethane,2.83,2.61,0,2.61,ClC(Cl)(Cl)Cl,153.823,5,0,0,0,0,6,True,
7,000079-01-6,trichloroethene,2.42,2.43,0,2.43,ClC=C(Cl)Cl,131.389,5,0,0,0,0,7,True,
8,000127-18-4,tetrachloroethene,3.4,3.08,0,3.08,ClC(Cl)=C(Cl)Cl,165.834,6,0,0,0,0,8,True,
9,000075-25-2,tribromomethane,2.4,2.33,0,2.33,BrC(Br)Br,252.731,4,0,0,0,0,9,True,
10,000142-96-1,di-n-butyl ether,3.21,2.78,0,2.78,CCCCOCCCC,130.231,9,6,0,1,0,10,True,
11,000693-65-2,di-n-pentyl ether,4,3.77,0,3.77,CCCCCOCCCCC,158.28499999999997,11,8,0,1,0,11,True,
12,000067-64-1,acetone,-0.24,0.1,0,0.1,CC(C)=O,58.080000000000005,4,0,0,1,0,12,True,
13,000111-13-7,2-octanone,2.37,2.42,0,2.42,CCCCCCC(C)=O,128.215,9,5,0,1,0,13,True,
14,000821-55-6,2-nonanone,3.14,2.83,0,2.83,CCCCCCCC(C)=O,142.24200000000002,10,6,0,1,0,14,True,
15,000693-54-9,2-decanone,3.73,3.16,0,3.16,CCCCCCCCC(C)=O,156.269,11,7,0,1,0,15,True,
16,000120-92-3,cyclopentanone,0.38,0.3,0,0.3,O=C1CCCC1,84.118,6,0,0,1,1,16,True,
17,000108-94-1,cyclohexanone,0.81,0.54,0,0.54,O=C1CCCCC1,98.145,7,0,0,1,1,17,True,
18,000502-42-1,cycloheptanone,1.62,0.98,0,0.98,O=C1CCCCCC1,112.172,8,0,0,1,1,18,True,
19,000502-49-8,cyclooctanone,2.11,1.4,0,1.4,O=C1CCCCCCC1,126.199,9,0,0,1,1,19,True,
20,000504-02-9,"1,3-cyclohexanedione",0.43,0.49,0,0.49,O=C1CCCC(=O)C1,112.12799999999999,8,0,0,2,1,20,True,
21,000141-78-6,ethyl acetate,0.73,0.46,0,0.46,CCOC(C)=O,88.106,6,1,0,2,0,21,True,
22,000109-60-4,propyl acetate,1.24,1.01,0,1.01,CCCOC(C)=O,102.133,7,2,0,2,0,22,True,
23,000105-53-3,diethyl malonate,0.96,0.5,0,0.5,CCOC(=O)CC(=O)OCC,160.16899999999998,11,4,0,4,0,23,True,
24,000141-28-6,diethyl adipate,2.37,1.66,0,1.66,CCOC(=O)CCCCC(=O)OCC,202.24999999999997,14,7,0,4,0,24,True,
25,000141-03-7,dibutyl succinate,3.35,2.4,0,2.4,CCCCOC(=O)CCC(=O)OCCCC,230.30399999999992,16,9,0,4,0,25,True,
26,000541-35-5,butyramide,-0.21,-0.2,0,-0.2,CCCC(N)=O,87.122,6,2,1,1,0,26,True,
27,000057-13-6,urea,-2.11,-0.59,0,-0.59,NC(N)=O,60.056,4,0,2,1,0,27,True,
28,013214-66-9,4-phenylbutylamine,-0.33,2.41,2.12,2.12,NCCCCc1ccccc1,149.237,11,4,1,1,1,28,True,
29,000067-56-1,methanol,-0.77,-0.53,0,-0.53,CO,32.042,2,0,1,1,0,29,True,
30,000064-17-5,ethanol,-0.31,-0.26,0,-0.26,CCO,46.069,3,0,1,1,0,30,True,
31,000071-23-8,1-propanol,0.25,0.17,0,0.17,CCCO,60.096000000000004,4,1,1,1,0,31,True,
32,000067-63-0,2-propanol,0.05,-0.04,0,-0.04,CC(C)O,60.096000000000004,4,0,1,1,0,32,True,
33,000071-36-3,1-butanol,0.88,0.51,0,0.51,CCCCO,74.12299999999999,5,2,1,1,0,33,True,
34,000075-65-0,tert-butanol,0.35,0.16,0,0.16,CC(C)(C)O,74.12299999999999,5,0,1,1,0,34,True,
35,000071-41-0,1-pentanol,1.51,1.08,0,1.08,CCCCCO,88.14999999999999,6,3,1,1,0,35,True,
36,000584-02-1,3-pentanol,1.21,1,0,1,CCC(O)CC,88.14999999999999,6,2,1,1,0,36,True,
37,000111-27-3,1-hexanol,2.03,1.88,0,1.88,CCCCCCO,102.17699999999999,7,4,1,1,0,37,True,
38,000111-70-6,1-heptanol,2.62,2.38,0,2.38,CCCCCCCO,116.204,8,5,1,1,0,38,True,
39,000589-55-9,4-heptanol,2.22,1.7,0,1.7,CCCC(O)CCC,116.204,8,4,1,1,0,39,True,
40,027522-11-8,2-ethyl-1-pentanol,2.24,1.81,0,1.81,CCCC(CC)CO,116.20399999999998,8,4,1,1,0,40,True,
41,000600-36-2,"2,4-dimethyl-3-pentanol",2.09,1.71,0,1.71,CC(C)C(O)C(C)C,116.204,8,2,1,1,0,41,True,
42,000111-87-5,1-octanol,3,2.66,0,2.66,CCCCCCCCO,130.23100000000002,9,6,1,1,0,42,True,
43,000096-41-3,cyclopentanol,1.14,0.52,0,0.52,OC1CCCC1,86.134,6,0,1,1,1,43,True,
44,000108-93-0,cyclohexanol,1.23,1.02,0,1.02,OC1CCCCC1,100.161,7,0,1,1,1,44,True,
45,000502-41-0,cycloheptanol,2.13,1.51,0,1.51,OC1CCCCCC1,114.188,8,0,1,1,1,45,True,
46,000696-71-9,cyclooctanol,2.62,2.09,0,2.09,OC1CCCCCCC1,128.215,9,0,1,1,1,46,True,
47,000928-97-2,trans-3-hexen-1-ol,1.61,1.23,0,1.23,CC/C=C/CCO,100.161,7,3,1,1,0,47,True,
48,000928-95-0,trans-2-hexen-1-ol,1.61,1.36,0,1.36,CCC/C=C/CO,100.16099999999999,7,3,1,1,0,48,True,
49,000928-96-1,cis-3-hexen-1-ol,1.61,1.2,0,1.2,CC/C=C\CCO,100.161,7,3,1,1,0,49,True,
50,000821-41-0,5-hexen-1-ol,1.69,1.2,0,1.2,C=CCCCCO,100.16099999999999,7,4,1,1,0,50,True,
51,004938-52-7,1-hepten-3-ol,2.1,1.61,0,1.61,C=CC(O)CCCC,114.18799999999999,8,4,1,1,0,51,True,
52,000928-90-5,5-hexyn-1-ol,1.05,0.78,0,0.78,C#CCCCCO,98.14499999999998,7,3,1,1,0,52,True,
53,000107-21-1,ethylene glycol,-1.36,-0.79,0,-0.79,OCCO,62.068000000000005,4,1,2,2,0,53,True,
54,005343-92-0,"1,2-pentanediol",0.2,0.26,0,0.26,CCCC(O)CO,104.14899999999997,7,3,2,2,0,54,True,
55,000111-29-5,"1,5-pentanediol",0.27,-0.7,0,-0.7,OCCCCCO,104.14899999999999,7,4,2,2,0,55,True,
56,000625-69-4,"2,4-pentanediol",0.13,-0.3,0,-0.3,CC(O)CC(C)O,104.14899999999999,7,2,2,2,0,56,True,
57,006920-22-5,"1,2-hexanediol",0.69,0.81,0,0.81,CCCCC(O)CO,118.17599999999997,8,4,2,2,0,57,True,
58,000928-40-5,"1,5-hexanediol",0.69,-0.22,0,-0.22,CC(O)CCCCO,118.17599999999997,8,4,2,2,0,58,True,
59,000629-11-8,"1,6-hexanediol",0.76,-0.1,0,-0.1,OCCCCCCO,118.17599999999999,8,5,2,2,0,59,True,
60,000629-30-1,"1,7-heptanediol",1.26,0.32,0,0.32,OCCCCCCCO,132.203,9,6,2,2,0,60,True,
61,001117-86-8,"1,2-octanediol",1.67,1.93,0,1.93,CCCCCCC(O)CO,146.23000000000002,10,6,2,2,0,61,True,
62,000629-41-4,"1,8-octanediol",1.75,0.81,0,0.81,OCCCCCCCCO,146.23000000000002,10,7,2,2,0,62,True,
63,001460-57-7,"trans-1,2-cyclohexanediol",0.08,0.23,0,0.23,OC1CCCCC1O,116.15999999999998,8,0,2,2,1,63,True,
64,042565-22-0,"trans-1,2-cyclooctanediol",1.45,1.11,0,1.11,OC1CCCCCCC1O,144.214,10,0,2,2,1,64,True,
65,003031-66-1,"3-hexyn-2,5-diol",-0.1,-0.22,0,-0.22,CC(O)C#CC(C)O,114.14399999999996,8,0,2,2,0,65,True,
66,000056-81-5,glycerol,-1.76,-1.04,0,-1.04,OCC(O)CO,92.09400000000001,6,2,3,3,0,66,True,
67,000149-32-6,erythritol,-2.29,-1.24,0,-1.24,OC[C@@H](O)[C@@H](O)CO,122.11999999999999,8,3,4,4,0,67,True,
68,000111-76-2,2-butoxyethanol,0.83,0.6,0,0.6,CCCCOCCO,118.176,8,5,1,2,0,68,True,
69,000100-51-6,benzyl alcohol,1.1,1.14,0,1.14,OCc1ccccc1,108.13999999999997,8,1,1,1,1,69,True,
70,002270-20-4,5-phenylvaleric acid,0.52,3.06,1.66,1.66,O=C(O)CCCCc1ccccc1,178.231,13,5,1,1,1,70,True,
71,000071-43-2,benzene,2.13,2.1,0,2.1,c1ccccc1,78.11399999999999,6,0,0,0,1,71,True,
72,000106-42-3,p-xylene,3.15,2.98,0,2.98,Cc1ccc(C)cc1,106.16799999999999,8,0,0,0,1,72,True,
73,000108-90-7,chlorobenzene,2.84,2.81,0,2.81,Clc1ccccc1,112.559,7,0,0,0,1,73,True,
74,000095-50-1,"1,2-dichlorobenzene",3.43,3.64,0,3.64,Clc1ccccc1Cl,147.00400000000002,8,0,0,0,1,74,True,
75,000541-73-1,"1,3-dichlorobenzene",3.53,3.71,0,3.71,Clc1cccc(Cl)c1,147.00400000000002,8,0,0,0,1,75,True,
76,000106-46-7,"1,4-dichlorobenzene",3.44,3.57,0,3.57,Clc1ccc(Cl)cc1,147.00400000000002,8,0,0,0,1,76,True,
77,000087-61-6,"1,2,3-trichlorobenzene",4.05,4.22,0,4.22,Clc1cccc(Cl)c1Cl,181.449,9,0,0,0,1,77,True,
78,000120-82-1,"1,2,4-trichlorobenzene",4.02,4.2,0,4.2,Clc1ccc(Cl)c(Cl)c1,181.449,9,0,0,0,1,78,True,
79,000108-70-3,"1,3,5-trichlorobenzene",4.19,4.09,0,4.09,Clc1cc(Cl)cc(Cl)c1,181.44899999999998,9,0,0,0,1,79,True,
80,000634-90-2,"1,2,3,5-tetrachlorobenzene",4.56,4.63,0,4.63,Clc1cc(Cl)c(Cl)c(Cl)c1,215.894,10,0,0,0,1,80,True,
81,000095-94-3,"1,2,4,5-tetrachlorobenzene",4.64,4.59,0,4.59,Clc1cc(Cl)c(Cl)cc1Cl,215.894,10,0,0,0,1,81,True,
82,000608-93-5,pentachlorobenzene,5.17,5.1,0,5.1,Clc1cc(Cl)c(Cl)c(Cl)c1Cl,250.339,11,0,0,0,1,82,True,
83,000118-74-1,hexachlorobenzene,5.73,5.75,0,5.75,Clc1c(Cl)c(Cl)c(Cl)c(Cl)c1Cl,284.784,12,0,0,0,1,83,True,
84,006639-30-1,"2,4,5-trichlorotoluene",4.56,4.72,0,4.72,Cc1cc(Cl)c(Cl)cc1Cl,195.476,10,0,0,0,1,84,True,
85,000106-37-6,"1,4-dibromobenzene",3.79,4.3,0,4.3,Brc1ccc(Br)cc1,235.906,8,0,0,0,1,85,True,
86,000626-39-1,"1,3,5-tribromobenzene",4.51,5.21,0,5.21,Brc1cc(Br)cc(Br)c1,314.80199999999996,9,0,0,0,1,86,True,
87,000087-82-1,hexabromobenzene,6.07,5.64,0,5.64,Brc1c(Br)c(Br)c(Br)c(Br)c1Br,551.49,12,0,0,0,1,87,True,
88,034883-41-5,"3,5-dichlorobiphenyl (PCB 14)",5.41,4.52,0,4.52,Clc1cc(Cl)cc(-c2ccccc2)c1,223.10199999999998,14,1,0,0,2,88,True,
89,002050-68-2,"4,4'-bichlorobiphenyl (PCB 15)",5.23,4.78,0,4.78,O=S(=O)(c1ccc(Cl)cc1)c1ccc(Cl)cc1,287.16700000000003,17,2,0,2,2,89,True,
90,015862-07-4,"2,4,5-trichlorobiphenyl (PCB 29)",5.81,5.16,0,5.16,Clc1cc(Cl)c(-c2ccccc2)cc1Cl,257.54699999999997,15,1,0,0,2,90,True,
91,035693-92-6,"2,4,6-trichlorobiphenyl (PCB 30)",5.47,4.71,0,4.71,Clc1cc(Cl)c(-c2ccccc2)c(Cl)c1,257.54699999999997,15,1,0,0,2,91,True,
92,038444-93-8,"2,2',3,3'-tetrachlorobiphenyl (PCB 40)",6.18,5.4,0,5.4,ClC1(Cl)C=CC=C(c2ccccc2)C1(Cl)Cl,294.0079999999999,16,1,0,0,2,92,True,
93,041464-40-8,"2,2',4,5'-tetrachlorobiphenyl (PCB 49)",6.22,5.55,0,5.55,Clc1ccc(-c2cc(Cl)ccc2Cl)c(Cl)c1,291.99199999999996,16,1,0,0,2,93,True,
94,062796-65-0,"2,2',4,6-tetrachlorobiphenyl (PCB 50)",6.34,5.92,0,5.92,Clc1cc(Cl)c(-c2ccccc2Cl)c(Cl)c1,291.99199999999996,16,1,0,0,2,94,True,
95,035693-99-3,"2,2',5,5'-tetrachlorobiphenyl (PCB 52)",6.09,5.94,0,5.94,Clc1ccc(Cl)c(-c2cc(Cl)ccc2Cl)c1,291.99199999999996,16,1,0,0,2,95,True,
96,033284-53-6,"2,3,4,5-tetrachlorobiphenyl (PCB 61)",6.41,5.44,0,5.44,Clc1cc(-c2ccccc2)c(Cl)c(Cl)c1Cl,291.99199999999996,16,1,0,0,2,96,True,
97,070362-49-1,"3,3',4,5-tetrachlorobiphenyl (PCB 78)",6.34,6.53,0,6.53,Clc1cccc(-c2cc(Cl)c(Cl)c(Cl)c2)c1,291.99199999999996,16,1,0,0,2,97,True,
98,060145-21-3,"2,2',4,5',6-pentachlorobiphenyl (PCB 103)",6.98,6.32,0,6.32,Clc1cc(Cl)c(-c2cc(Cl)ccc2Cl)c(Cl)c1,326.437,17,1,0,0,2,98,True,
99,056558-16-8,"2,2',4,6,6'-pentachlorobiphenyl (PCB 104)",6.98,6.13,0,6.13,Clc1cc(Cl)c(-c2c(Cl)cccc2Cl)c(Cl)c1,326.437,17,1,0,0,2,99,True,
100,018259-05-7,"2,3,4,5,6-pentachlorobiphenyl (PCB 116)",6.75,5.9,0,5.9,Clc1c(Cl)c(Cl)c(-c2ccccc2)c(Cl)c1Cl,326.437,17,1,0,0,2,100,True,
101,038380-07-3,"2,2',3,3',4,4'-hexachlorobiphenyl (PCB 128)",7.31,6.09,0,6.09,Clc1ccc(-c2ccc(Cl)c(Cl)c2Cl)c(Cl)c1Cl,360.88199999999995,18,1,0,0,2,101,True,
102,038411-22-2,"2,2',3,3',6,6'-hexachlorobiphenyl (PCB 136)",7.12,6.2,0,6.2,Clc1ccc(Cl)c(-c2c(Cl)ccc(Cl)c2Cl)c1Cl,360.88199999999995,18,1,0,0,2,102,True,
103,033979-03-2,"2,2',4,4',6,6'-hexachlorobiphenyl (PCB 155)",7.55,5.98,0,5.98,Clc1cc(Cl)c(-c2c(Cl)cc(Cl)cc2Cl)c(Cl)c1,360.88199999999995,18,1,0,0,2,103,True,
104,035065-29-3,"2,2',3,4,4',5,5'-heptachlorobiphenyl (PCB 180)",8.27,6.33,0,6.33,Clc1cc(Cl)c(-c2cc(Cl)c(Cl)c(Cl)c2Cl)cc1Cl,395.3269999999999,19,1,0,0,2,104,True,"2,2',3,4,4',5,5'-heptachloro-1,1'-biphenyl"
105,060145-23-5,"2,2',3,4,4',5,6'-heptachlorobiphenyl (PCB 182)",8.27,6.83,0,6.83,Clc1cc(Cl)c(-c2c(Cl)cc(Cl)c(Cl)c2Cl)cc1Cl,395.3269999999999,19,1,0,0,2,105,True,"2,2',3,4,4',5',6-heptachloro-1,1'-biphenyl"
106,068194-17-2,"2,2',3,3',4,5,5',6-octachlorobiphenyl (PCB 198)",8.91,6.18,0,6.18,Clc1cc(Cl)c(Cl)c(-c2c(Cl)c(Cl)c(Cl)c(Cl)c2Cl)c1,429.77199999999993,20,1,0,0,2,106,True,
107,002051-24-3,decachlorobiphenyl (PCB 209),8.27,6.17,0,6.17,Clc1c(Cl)c(Cl)c(-c2c(Cl)c(Cl)c(Cl)c(Cl)c2Cl)c(Cl)c1Cl,498.66200000000003,22,1,0,0,2,107,True,
108,000092-86-4,"4,4'-dibromobiphenyl (PBB 15)",5.72,6.01,0,6.01,Brc1ccc(-c2ccc(Br)cc2)cc1,312.00399999999996,14,1,0,0,2,108,True,
109,059080-33-0,"2,4,6-tribromobiphenyl (PBB 30)",6.03,6,0,6,Brc1cc(Br)c(-c2ccccc2)c(Br)c1,390.9,15,1,0,0,2,109,True,
110,059080-37-4,"2,2',5,5'-tetrabromobiphenyl (PBB 52)",6.5,6.05,0,6.05,Brc1ccc(Br)c(-c2cc(Br)ccc2Br)c1,469.79599999999994,16,1,0,0,2,110,True,
111,059261-08-4,"2,2',4,4',6,6'-hexabromobiphenyl (PBB 155)",6.39,5.96,0,5.96,Brc1cc(Br)c(-c2c(Br)cc(Br)cc2Br)c(Br)c1,627.588,18,1,0,0,2,111,True,
112,002234-13-1,octachloronaphthalene,8.5,5.5,0,5.5,Clc1c(Cl)c(Cl)c2c(Cl)c(Cl)c(Cl)c(Cl)c2c1Cl,403.7339999999999,18,0,0,0,2,112,True,
113,033857-26-0,"2,7-dichlorodibenzo-p-dioxin",5.75,5.9,0,5.9,Clc1ccc2c(c1)Oc1ccc(Cl)cc1O2,253.08399999999997,16,0,0,2,3,113,True,
114,039227-58-2,"1,2,4-trichlorodibenzo-p-dioxin",6.35,5.58,0,5.58,Clc1cc(Cl)c2c(c1Cl)Oc1ccccc1O2,287.529,17,0,0,2,3,114,True,
115,030746-58-8,"1,2,3,4-tetrachlorodibenzo-p-dioxin",6.6,5.21,0,5.21,Clc1c(Cl)c(Cl)c2c(c1Cl)Oc1ccccc1O2,321.97399999999993,18,0,0,2,3,115,True,
116,001746-01-6,"2,3,7,8-tetrachlorodibenzo-p-dioxin",6.8,6.9,0,6.9,Clc1cc2c(cc1Cl)Oc1cc(Cl)c(Cl)cc1O2,321.97399999999993,18,0,0,2,3,116,True,
117,040321-76-4,"1,2,3,7,8-pentachlorodibenzo-p-dioxin",6.64,7.07,0,7.07,Clc1cc2c(cc1Cl)Oc1c(cc(Cl)c(Cl)c1Cl)O2,356.419,19,0,0,2,3,117,True,
118,039227-28-6,"1,2,3,4,7,8-hexachlorodibenzo-p-dioxin",7.8,7.15,0,7.15,Clc1cc2c(cc1Cl)Oc1c(Cl)c(Cl)c(Cl)c(Cl)c1O2,390.8639999999999,20,0,0,2,3,118,True,
119,003268-87-9,octachlorodibenzo-p-dioxin,8.2,4.96,0,4.96,Clc1c(Cl)c(Cl)c2c(c1Cl)Oc1c(Cl)c(Cl)c(Cl)c(Cl)c1O2,459.75400000000025,22,0,0,2,3,119,True,
120,000085-01-8,phenanthrene,4.46,4.95,0,4.95,c1ccc2c(c1)ccc1ccccc12,178.23399999999998,14,0,0,0,3,120,True,
121,000120-12-7,anthracene,4.45,5.21,0,5.21,c1ccc2cc3ccccc3cc2c1,178.23399999999995,14,0,0,0,3,121,True,
122,000206-44-0,fluoranthene,5.16,5.58,0,5.58,c1ccc2c(c1)-c1cccc3cccc-2c13,202.25599999999997,16,0,0,0,4,122,True,
123,000129-00-0,pyrene,4.88,5.71,0,5.71,c1cc2ccc3cccc4ccc(c1)c2c34,202.25599999999997,16,0,0,0,4,123,True,
124,000056-55-3,benzo[a]anthracene,5.76,6.44,0,6.44,c1ccc2cc3c(ccc4ccccc43)cc2c1,228.29399999999998,18,0,0,0,4,124,True,
125,000218-01-9,chrysene,5.81,6.4,0,6.4,c1ccc2c(c1)ccc1c3ccccc3ccc21,228.29399999999998,18,0,0,0,4,125,True,
126,000192-97-2,benzo[e]pyrene,6.44,7.08,0,7.08,c1ccc2c(c1)c1cccc3ccc4cccc2c4c31,252.31599999999997,20,0,0,0,5,126,True,
127,000205-99-2,benzo[b]fluoranthene,5.78,7.11,0,7.11,c1ccc2c(c1)-c1cccc3c1c-2cc1ccccc13,252.31599999999997,20,0,0,0,5,127,True,
128,000207-08-9,benzo[k]fluoranthene,6.11,7.13,0,7.13,c1ccc2cc3c(cc2c1)-c1cccc2cccc-3c12,252.31599999999997,20,0,0,0,5,128,True,
129,000050-32-8,benzo[a]pyrene,6.13,7.15,0,7.15,c1ccc2c(c1)cc1ccc3cccc4ccc2c1c34,252.31599999999997,20,0,0,0,5,129,True,
130,000191-24-2,benzo[ghi]perylene,6.63,7.66,0,7.66,c1cc2ccc3ccc4ccc5cccc6c(c1)c2c3c4c56,276.33799999999997,22,0,0,0,6,130,True,
131,000053-70-3,"dibenz[a,h]anthracene",6.75,7.72,0,7.72,c1ccc2c(c1)ccc1cc3c(ccc4ccccc43)cc12,278.354,22,0,0,0,5,131,True,
132,000215-58-7,"dibenz[a,c]anthracene",6.41,7.49,0,7.49,c1ccc2cc3c4ccccc4c4ccccc4c3cc2c1,278.354,22,0,0,0,5,132,True,
133,000193-39-5,"indeno[1,2,3-cd]pyrene",6.7,7.86,0,7.86,c1ccc2c(c1)-c1ccc3ccc4cccc5cc-2c1c3c45,276.338,22,0,0,0,6,133,True,
134,000098-95-3,nitrobenzene,1.85,2.01,0,2.01,O=[N+]([O-])c1ccccc1,123.11099999999999,9,1,0,2,1,134,True,
135,000088-72-2,2-nitrotoluene,2.3,2.41,0,2.41,Cc1ccccc1[N+](=O)[O-],137.13799999999998,10,1,0,2,1,135,True,
136,000091-22-5,quinoline,2.03,1.67,0,1.67,c1ccc2ncccc2c1,129.16199999999995,10,0,0,1,2,136,True,
137,000084-66-2,diethylphthalate,2.42,1.77,0,1.77,CCOC(=O)c1ccccc1C(=O)OCC,222.23999999999995,16,4,0,4,1,137,True,
138,000084-74-2,dibutylphthalate,4.5,3.87,0,3.87,CCCCOC(=O)c1ccccc1C(=O)OCCCC,278.348,20,8,0,4,1,138,True,
139,000085-68-7,benzylbutylphthalate,4.73,4.3,0,4.3,CCCCOC(=O)c1ccccc1C(=O)OCc1ccccc1,312.36499999999995,23,7,0,4,2,139,True,
140,042087-80-9,methyl-4-chloro-2-nitrobenzoate,2.35,2.45,0,2.45,COC(=O)c1ccc(Cl)cc1[N+](=O)[O-],215.59199999999998,14,2,0,4,1,140,True,
141,000108-95-2,phenol,1.46,1.96,0,1.96,Oc1ccccc1,94.11299999999999,7,0,1,1,1,141,True,
142,000095-48-7,2-methylphenol,1.95,2.45,0,2.45,Cc1ccccc1O,108.14,8,0,1,1,1,142,True,
143,000108-39-4,3-methylphenol,1.96,2.34,0,2.34,Cc1cccc(O)c1,108.13999999999999,8,0,1,1,1,143,True,
144,000106-44-5,4-methylphenol,1.94,2.35,0,2.35,Cc1ccc(O)cc1,108.13999999999999,8,0,1,1,1,144,True,
145,000090-00-6,2-ethylphenol,2.47,2.81,0,2.81,CCc1ccccc1O,122.167,9,1,1,1,1,145,True,
146,000123-07-9,4-ethylphenol,2.58,2.79,0,2.79,CCc1ccc(O)cc1,122.16699999999999,9,1,1,1,1,146,True,
147,000576-26-1,"2,6-dimethylphenol",2.36,2.47,0,2.47,Cc1cccc(C)c1O,122.167,9,0,1,1,1,147,True,
148,000644-35-9,2-n-propylphenol,2.93,3.13,0,3.13,CCCc1ccccc1O,136.19400000000002,10,2,1,1,1,148,True,
149,000645-56-7,4-n-propylphenol,3.2,2.92,0,2.92,CCCc1ccc(O)cc1,136.194,10,2,1,1,1,149,True,
150,000099-89-8,4-isopropylphenol,2.9,3.25,0,3.25,CC(C)c1ccc(O)cc1,136.194,10,1,1,1,1,150,True,
151,000527-54-8,"3,4,5-trimethylphenol",3.15,2.66,0,2.66,Cc1cc(O)cc(C)c1C,136.19399999999996,10,0,1,1,1,151,True,
152,001638-22-8,4-n-butylphenol,3.65,3.13,0,3.13,CCCCc1ccc(O)cc1,150.22099999999998,11,3,1,1,1,152,True,
153,000089-72-5,2-sec-butylphenol,3.27,3.47,0,3.47,CCC(C)c1ccccc1O,150.22099999999998,11,2,1,1,1,153,True,
154,000099-71-8,4-sec-butylphenol,3.08,3.26,0,3.26,CCC(C)c1ccc(O)cc1,150.22099999999998,11,2,1,1,1,154,True,
155,000088-18-6,2-tert-butylphenol,3.31,3.51,0,3.51,CC(C)(C)c1ccccc1O,150.221,11,0,1,1,1,155,True,
156,000585-34-2,3-tert-butylphenol,3.3,3.25,0,3.25,CC(C)(C)c1cccc(O)c1,150.22099999999998,11,0,1,1,1,156,True,
157,000098-54-4,4-tert-butylphenol,3.31,3.48,0,3.48,CC(C)(C)c1ccc(O)cc1,150.22099999999998,11,0,1,1,1,157,True,
158,001006-59-3,"2,6-diethylphenol",3.03,2.73,0,2.73,CCc1cccc(CC)c1O,150.221,11,2,1,1,1,158,True,
159,014938-35-3,4-n-pentylphenol,4.06,4.31,0,4.31,CCCCCc1ccc(O)cc1,164.24799999999996,12,4,1,1,1,159,True,
160,000080-46-6,4-tert-amylphenol,3.91,3.54,0,3.54,CCC(C)(C)c1ccc(O)cc1,164.24799999999996,12,2,1,1,1,160,True,
161,000140-66-9,4-tert-octylphenol,5.28,5.39,0,5.39,CC(C)(C)CC(C)(C)c1ccc(O)cc1,206.32899999999995,15,2,1,1,1,161,True,
162,000104-40-5,4-n-nonylphenol,5.76,5.57,0,5.57,CCCCCCCCCc1ccc(O)cc1,220.3559999999999,16,8,1,1,1,162,True,
163,001745-81-9,2-allylphenol,2.91,3.06,0,3.06,C=CCc1ccccc1O,134.178,10,2,1,1,1,163,True,
164,000098-17-9,3-trifluoromethylphenol,2.95,3.25,0,3.25,Oc1cccc(C(F)(F)F)c1,162.10999999999999,11,0,1,1,1,164,True,
165,000090-43-7,2-phenylphenol,3.09,3.43,0,3.43,Oc1ccccc1-c1ccccc1,170.211,13,1,1,1,2,165,True,
166,000092-69-3,4-phenylphenol,3.2,3.52,0,3.52,Oc1ccc(-c2ccccc2)cc1,170.211,13,1,1,1,2,166,True,
167,000080-05-7,bisphenol A,3.32,3.92,0,3.92,CC(C)(c1ccc(O)cc1)c1ccc(O)cc1,228.291,17,2,2,2,2,167,True,
168,000084-16-2,meso-hexestrol,5.6,4.37,0,4.37,CCC(c1ccc(O)cc1)C(CC)c1ccc(O)cc1,270.37199999999996,20,5,2,2,2,168,True,
169,000084-17-3,dienestrol,5.32,4.83,0,4.83,C/C=C(C(=C/C)/c1ccc(O)cc1)\c1ccc(O)cc1,266.34,20,3,2,2,2,169,True,
170,000056-53-1,diethylstilbestrol,5.07,4.76,0,4.76,CC/C(=C(/CC)c1ccc(O)cc1)c1ccc(O)cc1,268.356,20,4,2,2,2,170,True,
171,000108-43-0,3-chlorophenol,2.5,2.78,0,2.78,Oc1cccc(Cl)c1,128.558,8,0,1,1,1,171,True,
172,000106-48-9,4-chlorophenol,2.26,2.73,2.51,2.72,Oc1ccc(Cl)cc1,128.558,8,0,1,1,1,172,True,
173,000059-50-7,3-methyl-4-chlorophenol,3.1,3.32,0,3.32,Cc1cc(O)ccc1Cl,142.58499999999998,9,0,1,1,1,173,True,
174,000120-83-2,"2,4-dichlorophenol",2.6,3.57,2.69,3.15,Oc1ccc(Cl)cc1Cl,163.003,9,0,1,1,1,174,True,
175,000087-65-0,"2,6-dichlorophenol",1.93,2.86,1.42,1.57,Oc1c(Cl)cccc1Cl,163.00300000000001,9,0,1,1,1,175,True,
176,000095-77-2,"3,4-dichlorophenol",2.83,3.76,2.85,3.67,Oc1ccc(Cl)c(Cl)c1,163.003,9,0,1,1,1,176,True,
177,000095-95-4,"2,4,5-trichlorophenol",2.82,4.46,2.89,3.22,Oc1cc(Cl)c(Cl)cc1Cl,197.448,10,0,1,1,1,177,True,
178,000088-06-2,"2,4,6-trichlorophenol",2.14,3.8,2.52,2.57,Oc1c(Cl)cc(Cl)cc1Cl,197.448,10,0,1,1,1,178,True,
179,000058-90-2,"2,3,4,6-tetrachlorophenol",2.4,4.46,3.46,3.46,Oc1c(Cl)cc(Cl)c(Cl)c1Cl,231.893,11,0,1,1,1,179,True,
180,000087-86-5,pentachlorophenol,2.79,5.1,4.32,4.32,Oc1c(Cl)c(Cl)c(Cl)c(Cl)c1Cl,266.33799999999997,12,0,1,1,1,180,True,
181,000371-41-5,4-fluorophenol,1.77,2.2,0,2.2,Oc1ccc(F)cc1,112.103,8,0,1,1,1,181,True,
182,000106-41-2,4-bromophenol,2.59,2.39,0,2.39,Oc1ccc(Br)cc1,173.009,8,0,1,1,1,182,True,
183,013979-81-2,"3,5-dibromo-4-methylphenol",3.7,4.51,3.18,4.44,Cc1c(Br)cc(O)cc1Br,265.93199999999996,10,0,1,1,1,183,True,
184,000540-38-5,4-iodophenol,2.91,2.57,0,2.57,Oc1ccc(I)cc1,220.009,8,0,1,1,1,184,True,
185,000088-75-5,2-nitrophenol,0.79,1.89,0.69,0.86,O=[N+]([O-])c1ccccc1O,139.11,10,1,1,3,1,185,True,
186,000554-84-7,3-nitrophenol,-3.41,2.56,0.95,2.52,O=[N+]([O-])c1cccc(O)c1,139.10999999999999,10,1,1,3,1,186,True,
187,000051-28-5,"2,4-dinitrophenol",-0.37,2.67,1.9,1.9,O=[N+]([O-])c1ccc(O)c([N+](=O)[O-])c1,184.107,13,2,1,5,1,187,True,
188,000534-52-1,"2-methyl-4,6-dinitrophenol",0.17,2.71,2.35,2.35,Cc1cc([N+](=O)[O-])cc([N+](=O)[O-])c1O,198.134,14,2,1,5,1,188,True,
189,004099-71-2,"2-ethyl-4,6-dinitrophenol",1.98,3.02,0,3.02,CCc1cc([N+](=O)[O-])cc([N+](=O)[O-])c1O,212.16099999999997,15,3,1,5,1,189,True,
190,000088-85-7,"2-sec-butyl-4,6-dinitrophenol",1.38,3.73,3.35,3.35,CCC(C)c1cc([N+](=O)[O-])cc([N+](=O)[O-])c1O,240.21499999999997,17,4,1,5,1,190,True,
191,001689-84-5,"3,5-dibromo-4-hydroxybenzonitrile",1.19,3.16,2.1,2.1,N#Cc1cc(Br)c(O)c(Br)c1,276.91499999999996,11,0,1,2,1,191,True,
192,000062-53-3,aniline,0.9,1.63,0,1.63,Nc1ccccc1,93.12899999999999,7,0,1,1,1,192,True,
193,000095-64-7,"3,4-dimethylaniline",1.84,2.11,0,2.11,Cc1ccc(N)cc1C,121.18299999999998,9,0,1,1,1,193,True,
194,000636-30-6,"2,4,5-trichloroaniline",3.45,4.16,0,4.16,Nc1cc(Cl)c(Cl)cc1Cl,196.464,10,0,1,1,1,194,True,
195,000088-05-1,"2,4,6-trimethylaniline",2.72,2.38,0,2.38,Cc1cc(C)c(N)c(C)c1,135.20999999999998,10,0,1,1,1,195,True,
196,003481-20-7,"2,3,5,6-tetrachloroaniline",4.1,4.6,0,4.6,Nc1c(Cl)c(Cl)cc(Cl)c1Cl,230.909,11,0,1,1,1,196,True,
197,000527-20-8,pentachloroaniline,4.82,4.69,0,4.69,Nc1c(Cl)c(Cl)c(Cl)c(Cl)c1Cl,265.35400000000004,12,0,1,1,1,197,True,
198,000099-09-2,3-nitroaniline,1.37,2.17,0,2.17,Nc1cccc([N+](=O)[O-])c1,138.12599999999998,10,1,1,3,1,198,True,
199,005372-81-6,dimethyl-2-amino-p-phthalate,2.28,2.53,0,2.53,COC(=O)c1ccc(C(=O)OC)c(N)c1,209.20099999999996,15,2,1,5,1,199,True,
200,000121-69-7,"N,N-dimethylaniline",2.31,2.33,0,2.33,CN(C)c1ccccc1,121.18299999999998,9,1,0,1,1,200,True,
201,000118-92-3,anthranilic acid,-1.15,2.08,0.13,0.13,Nc1ccccc1C(=O)O,137.13799999999998,10,1,2,2,1,201,True,
202,000053-16-7,estrone,3.13,3.6,0,3.6,C[C@]12CC[C@@H]3c4ccc(O)cc4CC[C@H]3[C@@H]1CCC2=O,270.372,20,0,1,2,4,202,True,
203,000050-28-2,17?-estradiol,4.01,3.33,0,3.33,C[C@]12CC[C@@H]3c4ccc(O)cc4CC[C@H]3[C@@H]1CC[C@@H]2O,272.388,20,0,2,2,4,203,True,
204,000050-27-1,estriol,2.45,1.96,0,1.96,C[C@]12CC[C@@H]3c4ccc(O)cc4CC[C@H]3[C@@H]1C[C@@H](O)[C@@H]2O,288.387,21,0,3,3,4,204,True,
205,000057-63-6,17?-ethynylestradiol,3.67,3.96,0,3.96,C#C[C@]1(O)CC[C@H]2[C@@H]3CCc4cc(O)ccc4[C@H]3CC[C@@]21C,296.41,22,0,2,2,4,205,True,
206,000057-83-0,progesterone,3.87,3.28,0,3.28,CC(=O)[C@H]1CC[C@H]2[C@@H]3CCC4=CC(=O)CC[C@]4(C)[C@H]3CC[C@]12C,314.46900000000005,23,1,0,2,4,206,True,
207,000439-14-5,diazepam,2.82,2.99,0,2.99,CN1C(=O)CN=C(c2ccccc2)c2cc(Cl)ccc21,284.746,20,1,0,2,3,207,True,
208,000739-71-9,trimipramine,2.75,4.74,3.31,3.31,CC(CN(C)C)CN1c2ccccc2CCc2ccccc21,294.442,22,4,0,2,3,208,True,
209,000081-81-2,warfarin,1.75,3.42,1.4,1.43,CC(=O)CC(c1ccccc1)c1c(O)c2ccccc2oc1=O,308.3330000000001,23,4,1,4,3,209,True,
210,088150-42-9,amlodipine,-0.37,3.75,3.75,3.75,CCOC(=O)C1=C(COCCN)NC(C)=C(C(=O)OC)C1c1ccccc1Cl,408.88200000000006,28,8,2,7,2,210,True,
211,000525-66-6,propranolol,0.36,3.33,2.74,2.74,CC(C)NCC(O)COc1cccc2ccccc12,259.34900000000005,19,6,2,3,2,211,True,
212,054910-89-3,fluoxetine,1.83,4.35,4.03,4.03,CNCCC(Oc1ccc(C(F)(F)F)cc1)c1ccccc1,309.33099999999996,22,6,1,2,2,212,True,
213,126924-38-7,norfluoxetine,1.46,4.49,4.07,4.07,NCCC(Oc1ccc(C(F)(F)F)cc1)c1ccccc1,295.304,21,5,1,2,2,213,True,
214,000137-58-6,lidocaine,2.33,2.15,1.07,1.4,CCN(CC)CC(=O)Nc1c(C)cccc1C,234.343,17,5,1,2,1,214,True,
215,000059-46-1,procaine,0.31,2.29,0.73,0.77,CCN(CC)CCOC(=O)c1ccc(N)cc1,236.315,17,6,1,4,1,215,True,
216,000094-24-6,tetracaine,1.74,3.23,2.11,2.21,CCCCNc1ccc(C(=O)OCCN(C)C)cc1,264.36899999999997,19,8,1,4,1,216,True,
217,015307-86-5,diclofenac,3.8,4.45,2.64,4.45,O=C(O)Cc1ccccc1Nc1c(Cl)cccc1Cl,296.153,19,4,2,2,2,217,True,
218,015687-27-1,ibuprofen,1.34,3.8,1.81,1.81,CC(C)Cc1ccc(C(C)C(=O)O)cc1,206.28499999999997,15,4,1,1,1,218,True,
219,000069-72-7,salicylic acid,-1.52,2.58,0.97,0.97,O=C(O)c1ccccc1O,138.12199999999999,10,1,2,2,1,219,True,
220,000050-78-2,acetylsalicylic acid,-2.16,2.4,1.6,1.6,CC(=O)Oc1ccccc1C(=O)O,180.15899999999996,13,2,1,3,1,220,True,
221,059277-89-3,acyclovir,-1.55,1.7,2,1.76,Nc1nc(=O)c2ncn(COCCO)c2[nH]1,225.20799999999997,16,4,3,7,2,221,True,
222,000315-30-0,allopurinol,-0.42,2.5,2.7,2.6,O=c1ncnc2[nH][nH]cc1-2,136.11399999999998,10,0,2,3,2,222,True,
223,002609-46-3,amiloride,-0.77,1.8,1.6,1.71,NC(N)=NC(=O)c1nc(Cl)c(N)nc1N,229.63099999999997,15,1,4,5,1,223,True,
224,029122-68-7,atenolol,-1.8,2.2,1.01,1.01,CC(C)NCC(O)COc1ccc(CC(N)=O)cc1,266.34099999999995,19,8,3,4,1,224,True,
225,076824-35-6,famotidine,-2.44,2.3,1.7,1.75,NC(N)=Nc1nc(CSCC/C(N)=N/S(N)(=O)=O)cs1,337.456,20,7,4,6,1,225,True,
226,000054-31-9,furosemide,-1.25,3,1.9,1.9,NS(=O)(=O)c1cc(C(=O)O)c(NCc2ccco2)cc1Cl,330.749,21,5,3,5,2,226,True,
227,022916-47-8,miconazole,5.89,3.7,2.9,3.55,Clc1ccc(COC(Cn2ccnc2)c2ccc(Cl)cc2Cl)c(Cl)c1,416.1350000000001,25,6,0,3,3,227,True,
228,075438-57-2,moxonidine,1.3,1.8,1.3,1.59,COc1nc(C)nc(Cl)c1NC1=NCCN1,241.68200000000002,16,2,2,6,2,228,True,
229,076963-41-2,nizatidine,0.72,3,2.8,2.82,CN/C(=C\[N+](=O)[O-])NCCSCc1csc(CN(C)C)n1,331.46700000000004,21,10,2,8,1,229,True,
230,132539-06-1,olanzapine,3.16,3.7,2.7,3.29,Cc1cc2c(s1)Nc1ccccc1N=C2N1CCN(C)CC1,312.44200000000006,22,0,1,5,4,230,True,
231,091161-71-6,terbinafine,4.25,5,3,3.1,CN(C/C=C/C#CC(C)(C)C)Cc1cccc2ccccc12,291.438,22,4,0,1,2,231,True,
232,014293-44-8,xipamide,1.81,3.3,1.7,1.79,Cc1cccc(C)c1NC(=O)c1cc(S(N)(=O)=O)c(Cl)cc1O,354.8150000000001,23,3,3,4,2,232,True,
233,030516-87-1,zidovudine,-0.41,1.9,2.4,2.4,Cc1cn([C@H]2C[C@H](N=[N+]=[N-])[C@@H](CO)O2)c(=O)[nH]c1=O,267.245,19,3,2,6,2,233,True,
234,043200-80-2,zopiclone,0.59,1.8,1.4,1.7,CN1CCN(C(=O)OC2c3nccnc3C(=O)N2c2ccc(Cl)cn2)CC1,388.8150000000001,27,2,0,7,4,234,True,
235,000699-04-7,(p-methylbenzyl)methylamine,0.02,3.09,2.54,2.54,Cc1ccc(CCN)cc1,135.20999999999995,10,2,1,1,1,235,True,
236,039190-96-0,(p-methylbenzyl)propylamine,0.69,3.07,2.11,2.11,Cc1ccc(CCCCN)cc1,163.26399999999998,12,4,1,1,1,236,True,
237,170303-38-5,(p-methylbenzyl)pentylamine,1.57,3.5,1.84,1.84,Cc1ccc(CCCCCCN)cc1,191.318,14,6,1,1,1,237,True,
238,215177-24-5,(p-methylbenzyl)heptylamine,2.46,4.4,2.71,2.71,CCCCCCCNCc1ccc(C)cc1,219.372,16,8,1,1,1,238,True,
239,000095-68-1,"3,4-dimethylaniline",2.17,2.11,1.99,2.11,Cc1ccc(N)cc1C,121.18299999999998,9,0,1,1,1,239,True,
240,037517-30-9,acebutolol,-0.6,0,0.66,0.66,CCCC(=O)Nc1ccc(OCC(O)CNC(C)C)c(C(C)=O)c1,336.4320000000001,24,10,3,5,1,240,True,
241,013655-52-2,alprenolol,0.47,0,2.17,2.17,C=CCc1ccccc1OCC(O)CNC(C)C,249.35399999999998,18,8,2,3,1,241,True,
242,023284-25-5,bupranolol,0.68,0,2.49,2.49,Cc1ccc(Cl)c(OCC(O)CNC(C)(C)C)c1,271.788,18,5,2,3,1,242,True,
243,083881-51-0,cetirizine,0.73,0,3.2,3.2,O=C(O)COCCN1CCN(C(c2ccccc2)c2ccc(Cl)cc2)CC1,388.8950000000001,27,8,1,4,3,243,True,
244,000050-53-3,chlorpromazine,2.74,5.1,3.4,3.43,CN(C)CCCN1c2ccccc2Sc2ccc(Cl)cc21,318.8730000000001,21,4,0,3,3,244,True,
245,000068-88-2,hydroxyzine,2.89,3.4,2.8,2.98,OCCOCCN1CCN(C(c2ccccc2)c2ccc(Cl)cc2)CC1,374.91200000000003,26,8,1,4,3,245,True,
246,312753-06-3,indacaterol,2.32,0,3.56,3.56,CCc1cc2c(cc1CC)CC(NC[C@H](O)c1ccc(O)c3[nH]c(=O)ccc13)C2,392.49900000000014,29,6,4,4,4,246,True,
247,036894-69-6,labetalol,1.26,2.73,2.32,2.32,CC(CCc1ccccc1)NCC(O)c1ccc(O)c(C(N)=O)c1,328.4120000000001,24,8,4,4,2,247,True,
248,000119-27-7,"2,4-dinitroanisole",1.71,1.6,0,1.6,COc1ccc([N+](=O)[O-])cc1[N+](=O)[O-],198.13399999999996,14,3,0,5,1,248,True,
249,000121-14-2,"2,4-dinitrotoluene",1.98,2.41,0,2.41,Cc1ccc([N+](=O)[O-])cc1[N+](=O)[O-],182.135,13,2,0,4,1,249,True,
250,000099-35-4,"2,4,6-trinitrobenzene",1.18,1.73,0,1.73,O=[N+]([O-])c1cc([N+](=O)[O-])cc([N+](=O)[O-])c1,213.105,15,3,0,6,1,250,True,
251,000118-96-7,trinitrotoluene,1.6,2.18,0,2.18,Cc1c([N+](=O)[O-])cc([N+](=O)[O-])cc1[N+](=O)[O-],227.13199999999998,16,3,0,6,1,251,True,
252,042200-33-9,nadolol,-1.44,0,0.95,0.95,CC(C)(C)NCC(O)COc1cccc2c1C[C@H](O)[C@H](O)C2,309.406,22,5,4,5,2,252,True,
253,083891-03-6,norfluoxetine,1.46,0,3.84,3.84,NCCC(Oc1ccc(C(F)(F)F)cc1)c1ccccc1,295.304,21,5,1,2,2,253,True,
254,006452-71-7,oxprenolol,-0.06,0,1.51,1.51,C=CCOc1ccccc1OCC(O)CNC(C)C,265.353,19,9,2,4,1,254,True,
255,016183-21-4,(p-methylbenzyl)butylamine,1.13,3.05,1.54,1.55,Cc1ccc(CCCCCN)cc1,177.291,13,5,1,1,1,255,True,
256,039099-13-3,(p-methylbenzyl)ethylamine,0.3,3.06,2.26,2.27,Cc1ccc(CCCN)cc1,149.23699999999997,11,3,1,1,1,256,True,
257,215177-23-4,(p-methylbenzyl)hexylamine,2.02,4.2,2.43,2.44,CCCCCCNCc1ccc(C)cc1,205.34500000000003,15,7,1,1,1,257,True,
258,013523-86-9,pindolol,-0.53,0,1.4,1.4,CC(C)NCC(O)COc1cccc2[nH]ccc12,248.32600000000002,18,6,3,3,2,258,True,
259,000130-95-0,quinine,0.86,2.72,2.19,2.2,C=C[C@H]1CN2CC[C@H]1C[C@H]2[C@H](O)c1ccnc2ccc(OC)cc12,324.4240000000001,24,4,1,4,5,259,True,
260,089365-50-4,salmeterol,1.95,0,3.67,3.67,OCc1cc(C(O)CNCCCCCCOCCCCc2ccccc2)ccc1O,415.5740000000002,30,16,4,5,2,260,True,
261,018198-39-5,Tetraphenyl-phosphonium,6.08,0,1.37,1.37,c1ccc([P+](c2ccccc2)(c2ccccc2)c2ccccc2)cc1,339.3980000000001,25,4,0,0,4,261,True,
262,002933-94-0,toliprolol,-0.12,0,1.49,1.49,Cc1cccc(OCC(O)CNC(C)C)c1,223.316,16,6,2,3,1,262,True,
263,004901-51-3,"2,3,4,5-tetrachlorophenol",3.02,4.76,3.69,3.77,Oc1cc(Cl)c(Cl)c(Cl)c1Cl,231.89299999999997,11,0,1,1,1,263,True,
264,002131-41-1,"1,4,5-Trimethylnaphthalene",4.9,5.11,0,5.11,Cc1ccc(C)c2c(C)cccc12,170.25499999999994,13,0,0,0,2,264,True,
265,017057-91-9,"2,4,5-Trimethylnaphthalene",4.81,4.88,0,4.88,Cc1cc(C)c2c(C)cccc2c1,170.25499999999994,13,0,0,0,2,265,True,
266,004569-45-3,"9,9-Dimethylfluorene",4.6,5.01,0,5.01,CC1(C)c2ccccc2-c2ccccc21,194.277,15,0,0,0,3,266,True,
267,000832-71-3,3-Methylphenanthrene,4.86,5.24,0,5.24,Cc1ccc2ccc3ccccc3c2c1,192.26099999999997,15,0,0,0,3,267,True,
268,001576-67-6,"3,6-Dimethylphenanthrene",5.44,5.58,0,5.58,Cc1ccc2ccc3ccc(C)cc3c2c1,206.28799999999995,16,0,0,0,3,268,True,
269,000779-02-2,9-Methylanthracene,5.07,5.52,0,5.52,Cc1c2ccccc2cc2ccccc12,192.26099999999994,15,0,0,0,3,269,True,
270,000781-43-1,"9,10-Dimethylanthracene",5.69,5.57,0,5.57,Cc1c2ccccc2c(C)c2ccccc12,206.28799999999995,16,0,0,0,3,270,True,
271,002381-21-7,1-Methylpyrene,5.48,5.76,0,5.76,Cc1ccc2ccc3cccc4ccc1c2c34,216.283,17,0,0,0,4,271,True,
272,002541-69-7,7-Methylbenz[a]anthracene,6.07,6,0,6,Cc1c2ccccc2cc2c1ccc1ccccc12,242.32099999999997,19,0,0,0,4,272,True,
273,000057-97-6,"7,12-Dimethylbenz[a]anthracene",5.8,6.27,0,6.27,Cc1c2ccccc2c(C)c2c1ccc1ccccc12,256.34799999999996,20,0,0,0,4,273,True,
274,000094-75-7,"2,4-dichloro-phenoxyacetic acid",-0.99,3.6,1.7,1.7,O=C(O)COc1ccc(Cl)cc1Cl,221.03900000000002,13,3,1,2,1,274,True,
275,000573-56-8,"2,6-dinitrophenol",-0.32,2.03,1.86,1.86,O=[N+]([O-])c1cccc([N+](=O)[O-])c1O,184.107,13,2,1,5,1,275,True,
276,000095-57-8,2-chlorophenol,2.17,2.76,0.92,2.37,Oc1ccccc1Cl,128.558,8,0,1,1,1,276,True,
277,001420-07-1,"2-tert-butyl-4,6-dinitrophenol",1.28,4.1,3.59,3.59,CC(C)(C)c1cc([N+](=O)[O-])cc([N+](=O)[O-])c1O,240.21499999999997,17,2,1,5,1,277,True,
278,000609-19-8,"3,4,5-trichlorophenol",3.32,4.71,3.16,4.23,Oc1cc(Cl)c(Cl)c(Cl)c1,197.44799999999998,10,0,1,1,1,278,True,
279,000577-71-9,"3,4-dinitrophenol",0.02,3.17,1.9,1.93,O=[N+]([O-])c1ccc(O)cc1[N+](=O)[O-],184.10699999999997,13,2,1,5,1,279,True,
280,000591-35-5,"3,5-dichlorophenol",2.79,3.76,2.09,3.46,Oc1cc(Cl)cc(Cl)c1,163.003,9,0,1,1,1,280,True,
281,002338-29-6,"4,5,6,7-tetrachloro-2-(trifluoromethyl)-1H-benzimidazole",4.84,4.35,4.35,4.35,FC(F)(F)c1nc2c(Cl)c(Cl)c(Cl)c(Cl)c2[nH]1,323.91599999999994,17,0,1,1,2,281,True,
282,000609-93-8,"4-methyl-2,6-dinitrophenol",0.2,2.34,2.26,2.26,Cc1cc([N+](=O)[O-])c(O)c([N+](=O)[O-])c1,198.134,14,2,1,5,1,282,True,
283,006149-03-7,4-octylbenzene-1-sulfonate,-0.77,0,3.63,3.63,CCCCCCCCc1ccc(S(=O)(=O)[O-])cc1,269.3859999999999,18,8,0,3,1,283,True,
284,004097-49-8,"4-tert-butyl-2,6-dinitrophenol",1.23,3.81,3.23,3.23,CC(C)(C)c1cc([N+](=O)[O-])c(O)c([N+](=O)[O-])c1,240.21499999999997,17,2,1,5,1,284,True,
285,002338-25-2,"5,6-dichloro-2-(trifluoromethyl)-benzimidazole",3.71,3.05,3.05,3.05,FC(F)(F)c1nc2cc(Cl)c(Cl)cc2[nH]1,255.02599999999995,15,0,1,1,2,285,True,
286,000521-74-4,"5,7-dibromo-8-hydroxyquinoline",2.91,3.94,3.03,3.35,Oc1c(Br)cc(Br)c2cccnc12,302.953,13,0,1,2,2,286,True,
287,000773-76-2,"5,7-dichloro-8-hydroxyquinoline",2.46,3.35,2.47,2.7,Oc1c(Cl)cc(Cl)c2cccnc12,214.051,13,0,1,2,2,287,True,
288,016128-96-4,5-chloro-4-tert-butyl-2'-chloro-4'-nitrosalicylanilide,5.22,6.44,5.05,5.86,CC(C)(C)c1cc(O)c(C(=O)Nc2ccc([N+](=O)[O-])cc2Cl)cc1Cl,383.2310000000001,25,3,2,4,2,288,True,
289,000130-16-5,5-chloro-8-hydroxyquinoline,2.39,3.29,1.91,3.16,Oc1ccc(Cl)c2cccnc12,179.60599999999997,12,0,1,2,2,289,True,
290,000148-24-3,8-hydroxy-quinoline,1.82,2.17,1.47,2.16,Oc1cccc2cccnc12,145.16099999999997,11,0,1,2,2,290,True,
291,000555-60-2,carbonyl cyanide m-chlorophenyl-hydrazone,3.19,4.05,4.05,4.05,N#CC=NNc1cccc(Cl)c1,179.60999999999999,12,2,1,3,1,291,True,
292,000370-86-5,carbonyl cyanide p-methoxyphenylhydrazone,4.02,4.22,4.22,4.22,COc1ccc(NN=CC#N)cc1,175.19099999999997,13,3,1,4,1,292,True,
293,022494-42-4,diflunisal,0.41,0,2.73,2.73,O=C(O)c1cc(-c2ccc(F)cc2F)ccc1O,250.19999999999996,18,2,2,2,2,293,True,
294,000091-40-7,fenamic acid,1.15,0,2.28,2.28,O=C(O)c1ccccc1Nc1ccccc1,213.236,16,3,2,2,2,294,True,
295,000530-78-9,flufenamic acid,2.02,0,3.61,3.61,O=C(O)c1ccccc1Nc1cccc(C(F)(F)F)c1,281.23299999999995,20,3,2,2,2,295,True,
296,000124-07-2,octanoic acid,0.51,2.91,0.52,0.53,CCCCCCCC(=O)O,144.214,10,6,1,1,0,296,True,
297,000608-71-9,pentabromo-phenol,3.62,0,5.02,5.02,Oc1c(Br)c(Br)c(Br)c(Br)c1Br,488.59299999999996,12,0,1,1,1,297,True,
298,000771-61-9,pentafluoro-phenol,0.9,0,1.74,1.74,Oc1c(F)c(F)c(F)c(F)c1F,184.06299999999996,12,0,1,1,1,298,True,
299,001763-23-1,perfluorooctane-1-sulfonic acid,3.05,0,3.15,3.15,O=S(=O)(O)C(F)(F)C(F)(F)C(F)(F)C(F)(F)C(F)(F)C(F)(F)C(F)(F)C(F)(F)F,500.1259999999998,29,7,1,2,0,299,True,
300,000335-67-1,perfluorooctanoic acid,1.58,0,2.34,2.34,O=C(O)C(F)(F)C(F)(F)C(F)(F)C(F)(F)C(F)(F)C(F)(F)C(F)(F)F,414.06399999999985,25,6,1,1,0,300,True,
301,001198-55-6,tetrachloro-catechol,2.69,4.41,2.63,2.74,Oc1c(O)c(Cl)c(Cl)c(Cl)c1Cl,247.89199999999997,12,0,2,2,1,301,True,
302,004358-26-3,tetraphenylborate,5.91,0,5.2,5.2,c1ccc([B-](c2ccccc2)(c2ccccc2)c2ccccc2)cc1,319.236,25,4,0,0,4,302,True,
303,000935-95-5,"2,3,5,6-tetrachloro-phenol",2.29,0,3.49,3.49,Oc1c(Cl)c(Cl)cc(Cl)c1Cl,231.893,11,0,1,1,1,303,True,
304,020574-50-9,morantel,0.11,0,2,2,Cc1ccsc1/C=C/C1=NCCCN1C,220.341,15,2,0,3,2,304,True,
305,051384-51-1,metoprolol,-0.47,0,1.28,1.28,COCCc1ccc(OCC(O)CNC(C)C)cc1,267.36899999999997,19,9,2,4,1,305,True,
306,000606-20-2,"2,6-dinitro-toluene (2,6-DNT)",2.1,2.64,0,2.64,Cc1c([N+](=O)[O-])cccc1[N+](=O)[O-],182.135,13,2,0,4,1,306,True,
